<?xml version="1.0" encoding="UTF-8"?>
<project-private xmlns="http://www.netbeans.org/ns/project-private/1">
    <editor-bookmarks xmlns="http://www.netbeans.org/ns/editor-bookmarks/2" lastBookmarkId="0"/>
    <open-files xmlns="http://www.netbeans.org/ns/projectui-open-files/2">
        <group>
            <file>file:/C:/Users/nick/Desktop/websys%20page/index.php</file>
            <file>file:/C:/Users/nick/Desktop/websys%20page/css/main.css</file>
            <file>file:/C:/Users/nick/Desktop/websys%20page/footer.inc.php</file>
            <file>file:/C:/Users/nick/Desktop/websys%20page/process_register.php</file>
            <file>file:/C:/Users/nick/Desktop/websys%20page/nav.inc.php</file>
        </group>
    </open-files>
</project-private>
