<?xml version="1.0" encoding="UTF-8"?>
<project-private xmlns="http://www.netbeans.org/ns/project-private/1">
    <editor-bookmarks xmlns="http://www.netbeans.org/ns/editor-bookmarks/2" lastBookmarkId="0"/>
    <open-files xmlns="http://www.netbeans.org/ns/projectui-open-files/2">
        <group>
            <file>file:/C:/Users/nick/Desktop/WebSys-Assignment2-main/index.php</file>
            <file>file:/C:/Users/nick/Desktop/WebSys-Assignment2-main/login.php</file>
            <file>file:/C:/Users/nick/Desktop/WebSys-Assignment2-main/subview/nav.inc.php</file>
            <file>file:/C:/Users/nick/Desktop/WebSys-Assignment2-main/css/nav.css</file>
            <file>file:/C:/Users/nick/Desktop/WebSys-Assignment2-main/css/home.css</file>
            <file>file:/C:/Users/nick/Desktop/WebSys-Assignment2-main/css/main.css</file>
        </group>
    </open-files>
</project-private>
